timestamp;l_x_0;l_y_0;l_z_0;l_x_1;l_y_1;l_z_1;l_x_2;l_y_2;l_z_2;l_x_3;l_y_3;l_z_3;l_x_4;l_y_4;l_z_4;l_x_5;l_y_5;l_z_5;l_x_6;l_y_6;l_z_6;l_x_7;l_y_7;l_z_7;l_x_8;l_y_8;l_z_8;l_x_9;l_y_9;l_z_9;l_x_10;l_y_10;l_z_10;l_x_11;l_y_11;l_z_11;l_x_12;l_y_12;l_z_12;l_x_13;l_y_13;l_z_13;l_x_14;l_y_14;l_z_14;l_x_15;l_y_15;l_z_15;l_x_16;l_y_16;l_z_16;l_x_17;l_y_17;l_z_17;l_x_18;l_y_18;l_z_18;l_x_19;l_y_19;l_z_19;l_x_20;l_y_20;l_z_20;r_x_0;r_y_0;r_z_0;r_x_1;r_y_1;r_z_1;r_x_2;r_y_2;r_z_2;r_x_3;r_y_3;r_z_3;r_x_4;r_y_4;r_z_4;r_x_5;r_y_5;r_z_5;r_x_6;r_y_6;r_z_6;r_x_7;r_y_7;r_z_7;r_x_8;r_y_8;r_z_8;r_x_9;r_y_9;r_z_9;r_x_10;r_y_10;r_z_10;r_x_11;r_y_11;r_z_11;r_x_12;r_y_12;r_z_12;r_x_13;r_y_13;r_z_13;r_x_14;r_y_14;r_z_14;r_x_15;r_y_15;r_z_15;r_x_16;r_y_16;r_z_16;r_x_17;r_y_17;r_z_17;r_x_18;r_y_18;r_z_18;r_x_19;r_y_19;r_z_19;r_x_20;r_y_20;r_z_20
1772632963.0;0.3726799190044403;0.7050789594650269;1.7127034368513705e-07;0.39444682002067566;0.6598608493804932;-0.006122642196714878;0.40208888053894043;0.6083168387413025;-0.008207598701119423;0.4037514626979828;0.5676671862602234;-0.011501745320856571;0.40513554215431213;0.5354443192481995;-0.014830497093498707;0.3604561984539032;0.5734604001045227;0.0013649060856550932;0.3645227551460266;0.5252461433410645;-0.00906316190958023;0.3737092912197113;0.49868208169937134;-0.0187920443713665;0.383386492729187;0.47691455483436584;-0.02513708360493183;0.34255361557006836;0.5751891732215881;-0.0036221349146217108;0.3425934314727783;0.5192890763282776;-0.010778862051665783;0.3477705419063568;0.4847700893878937;-0.018666444346308708;0.3536117970943451;0.45514151453971863;-0.0248307753354311;0.325492262840271;0.5865901112556458;-0.011023457162082195;0.3208562433719635;0.5325300693511963;-0.019872358068823814;0.3236633539199829;0.49692171812057495;-0.027170274406671524;0.32918885350227356;0.4668087363243103;-0.032516542822122574;0.30953821539878845;0.6086233258247375;-0.019368397071957588;0.2906864285469055;0.5743136405944824;-0.027315348386764526;0.2840765416622162;0.5469515323638916;-0.030739998444914818;0.2833603024482727;0.5219796299934387;-0.03343882039189339;0.0;0.0;0.0;0.0;0.0;0.0;0.0;0.0;0.0;0.0;0.0;0.0;0.0;0.0;0.0;0.0;0.0;0.0;0.0;0.0;0.0;0.0;0.0;0.0;0.0;0.0;0.0;0.0;0.0;0.0;0.0;0.0;0.0;0.0;0.0;0.0;0.0;0.0;0.0;0.0;0.0;0.0;0.0;0.0;0.0;0.0;0.0;0.0;0.0;0.0;0.0;0.0;0.0;0.0;0.0;0.0;0.0;0.0;0.0;0.0;0.0;0.0;0.0
1772632963.0333333;0.3716408610343933;0.701906681060791;2.700438415104145e-07;0.39443036913871765;0.6606985926628113;-0.007426552940160036;0.4024885594844818;0.6073625087738037;-0.00946647860109806;0.4040873050689697;0.5663838982582092;-0.011951655149459839;0.4052920639514923;0.5340962409973145;-0.0144245196133852;0.3603366017341614;0.570217490196228;0.0008078522514551878;0.3635146915912628;0.5219172835350037;-0.008394470438361168;0.37068140506744385;0.4930027723312378;-0.017456838861107826;0.3781487047672272;0.4694061279296875;-0.023171719163656235;0.3417584002017975;0.5720717906951904;-0.0027585315983742476;0.34049078822135925;0.5163463354110718;-0.008566880598664284;0.34282931685447693;0.47936028242111206;-0.015804516151547432;0.3451734781265259;0.44729143381118774;-0.021302910521626472;0.32493799924850464;0.5836388468742371;-0.008724245242774487;0.3192926347255707;0.5307609438896179;-0.01589144580066204;0.3199896216392517;0.49489372968673706;-0.02284947596490383;0.3227272927761078;0.4632776975631714;-0.02796970307826996;0.30904996395111084;0.6054072976112366;-0.01567373052239418;0.2907392978668213;0.5725564956665039;-0.022815123200416565;0.28228193521499634;0.5465050935745239;-0.026308834552764893;0.27766233682632446;0.5207993984222412;-0.028853312134742737;0.0;0.0;0.0;0.0;0.0;0.0;0.0;0.0;0.0;0.0;0.0;0.0;0.0;0.0;0.0;0.0;0.0;0.0;0.0;0.0;0.0;0.0;0.0;0.0;0.0;0.0;0.0;0.0;0.0;0.0;0.0;0.0;0.0;0.0;0.0;0.0;0.0;0.0;0.0;0.0;0.0;0.0;0.0;0.0;0.0;0.0;0.0;0.0;0.0;0.0;0.0;0.0;0.0;0.0;0.0;0.0;0.0;0.0;0.0;0.0;0.0;0.0;0.0
1772632963.0666666;0.37157467007637024;0.7010738253593445;2.7252082190898363e-07;0.3938639760017395;0.6599286198616028;-0.008084160275757313;0.40247005224227905;0.6068945527076721;-0.010545119643211365;0.4040410816669464;0.5663403272628784;-0.013398559764027596;0.40477120876312256;0.5338746905326843;-0.016232691705226898;0.3589489758014679;0.568155825138092;-5.628266990242992e-06;0.3626762628555298;0.5195499658584595;-0.00942208245396614;0.3690624237060547;0.48957836627960205;-0.018765980377793312;0.37526124715805054;0.46427834033966064;-0.024797232821583748;0.3403584957122803;0.56998610496521;-0.0036478517577052116;0.33827880024909973;0.514762282371521;-0.0097311707213521;0.3392402231693268;0.47763168811798096;-0.017342323437333107;0.33987337350845337;0.44540542364120483;-0.023147763684391975;0.32414644956588745;0.5820057988166809;-0.009662904776632786;0.3171864151954651;0.5309646129608154;-0.01684202067553997;0.3168153762817383;0.4949832260608673;-0.02396334894001484;0.3182499408721924;0.46275120973587036;-0.02926730178296566;0.3091782033443451;0.6049880981445312;-0.01675613597035408;0.28979983925819397;0.5733453035354614;-0.024005906656384468;0.2813012897968292;0.5470683574676514;-0.027558449655771255;0.2769126892089844;0.5209885835647583;-0.030121462419629097;0.0;0.0;0.0;0.0;0.0;0.0;0.0;0.0;0.0;0.0;0.0;0.0;0.0;0.0;0.0;0.0;0.0;0.0;0.0;0.0;0.0;0.0;0.0;0.0;0.0;0.0;0.0;0.0;0.0;0.0;0.0;0.0;0.0;0.0;0.0;0.0;0.0;0.0;0.0;0.0;0.0;0.0;0.0;0.0;0.0;0.0;0.0;0.0;0.0;0.0;0.0;0.0;0.0;0.0;0.0;0.0;0.0;0.0;0.0;0.0;0.0;0.0;0.0
1772632963.1;0.3702026307582855;0.7017232179641724;2.7789442924586183e-07;0.3925624489784241;0.6608227491378784;-0.009891794994473457;0.40223580598831177;0.6075952053070068;-0.013444419018924236;0.4039381146430969;0.5649234056472778;-0.01701512187719345;0.4039349853992462;0.5302510261535645;-0.0204963106662035;0.35876965522766113;0.5673414468765259;-0.002038308884948492;0.36229583621025085;0.5177235007286072;-0.011897407472133636;0.3675149083137512;0.48712456226348877;-0.0214993953704834;0.3723536729812622;0.46119675040245056;-0.027767837047576904;0.3397792875766754;0.5692304372787476;-0.00499098701402545;0.33725064992904663;0.5132902264595032;-0.0116024324670434;0.3370755910873413;0.4757848381996155;-0.01959466189146042;0.3366355299949646;0.44350913166999817;-0.02567918971180916;0.3232111632823944;0.5815183520317078;-0.010360615327954292;0.3162895441055298;0.5294530987739563;-0.018072696402668953;0.31504350900650024;0.4936121106147766;-0.025315163657069206;0.31548964977264404;0.4614811837673187;-0.030655940994620323;0.30807995796203613;0.6051090955734253;-0.016916360706090927;0.2891710698604584;0.5733080506324768;-0.02476607635617256;0.2799495756626129;0.5474633574485779;-0.028518516570329666;0.2742960751056671;0.5218158960342407;-0.03110065869987011;0.0;0.0;0.0;0.0;0.0;0.0;0.0;0.0;0.0;0.0;0.0;0.0;0.0;0.0;0.0;0.0;0.0;0.0;0.0;0.0;0.0;0.0;0.0;0.0;0.0;0.0;0.0;0.0;0.0;0.0;0.0;0.0;0.0;0.0;0.0;0.0;0.0;0.0;0.0;0.0;0.0;0.0;0.0;0.0;0.0;0.0;0.0;0.0;0.0;0.0;0.0;0.0;0.0;0.0;0.0;0.0;0.0;0.0;0.0;0.0;0.0;0.0;0.0
1772632963.1333334;0.3687325716018677;0.7029452919960022;2.650484702826361e-07;0.39180469512939453;0.6622965931892395;-0.00973169319331646;0.4022161662578583;0.6080698370933533;-0.012951184995472431;0.40434253215789795;0.5653610825538635;-0.0162380151450634;0.40505215525627136;0.5314812064170837;-0.01950651966035366;0.3587985932826996;0.5667718052864075;-0.0023923651315271854;0.3623804450035095;0.5166628956794739;-0.012093554250895977;0.3669971227645874;0.485779732465744;-0.021547559648752213;0.37106820940971375;0.4595421552658081;-0.027789220213890076;0.33955296874046326;0.5687554478645325;-0.005423286929726601;0.33667001128196716;0.5127552151679993;-0.012015159241855145;0.33581802248954773;0.4751701056957245;-0.019942622631788254;0.3346402943134308;0.44294989109039307;-0.026005420833826065;0.32299232482910156;0.5812391042709351;-0.010791642591357231;0.31593307852745056;0.5292032361030579;-0.018425561487674713;0.31433743238449097;0.4935605227947235;-0.025584371760487556;0.3143685758113861;0.4617600440979004;-0.030891017988324165;0.30783331394195557;0.6050962209701538;-0.01734727807343006;0.2888261377811432;0.5732346177101135;-0.02516169100999832;0.27962958812713623;0.5475285649299622;-0.02885410003364086;0.27402523159980774;0.5221958160400391;-0.03137805685400963;0.0;0.0;0.0;0.0;0.0;0.0;0.0;0.0;0.0;0.0;0.0;0.0;0.0;0.0;0.0;0.0;0.0;0.0;0.0;0.0;0.0;0.0;0.0;0.0;0.0;0.0;0.0;0.0;0.0;0.0;0.0;0.0;0.0;0.0;0.0;0.0;0.0;0.0;0.0;0.0;0.0;0.0;0.0;0.0;0.0;0.0;0.0;0.0;0.0;0.0;0.0;0.0;0.0;0.0;0.0;0.0;0.0;0.0;0.0;0.0;0.0;0.0;0.0
1772632963.1666667;0.3687123954296112;0.7042120099067688;2.6123535690203425e-07;0.3915582299232483;0.6625996232032776;-0.009854326024651527;0.40201902389526367;0.607216477394104;-0.012980242259800434;0.40467554330825806;0.5632389783859253;-0.016306113451719284;0.404802531003952;0.5279564261436462;-0.019620340317487717;0.35888952016830444;0.5675545930862427;-0.001573850866407156;0.3620394170284271;0.5177924036979675;-0.011418108828365803;0.36613380908966064;0.48709025979042053;-0.021043729037046432;0.3697591722011566;0.46040356159210205;-0.027514779940247536;0.339589387178421;0.5695551633834839;-0.004768858198076487;0.3359421193599701;0.5136879086494446;-0.011743108741939068;0.3345160186290741;0.4757537543773651;-0.02002565562725067;0.33295726776123047;0.4428452253341675;-0.0263189859688282;0.32301950454711914;0.5821219086647034;-0.010410704649984837;0.3153776526451111;0.529931902885437;-0.018513619899749756;0.31333351135253906;0.4939078688621521;-0.025920337066054344;0.31302565336227417;0.46147286891937256;-0.03131675720214844;0.30805703997612;0.6057887673377991;-0.01727871783077717;0.28940823674201965;0.5737034678459167;-0.025668879970908165;0.279990553855896;0.5479496717453003;-0.02972666174173355;0.27389344573020935;0.5225516557693481;-0.03244159370660782;0.0;0.0;0.0;0.0;0.0;0.0;0.0;0.0;0.0;0.0;0.0;0.0;0.0;0.0;0.0;0.0;0.0;0.0;0.0;0.0;0.0;0.0;0.0;0.0;0.0;0.0;0.0;0.0;0.0;0.0;0.0;0.0;0.0;0.0;0.0;0.0;0.0;0.0;0.0;0.0;0.0;0.0;0.0;0.0;0.0;0.0;0.0;0.0;0.0;0.0;0.0;0.0;0.0;0.0;0.0;0.0;0.0;0.0;0.0;0.0;0.0;0.0;0.0
1772632963.2;0.3687782287597656;0.703833281993866;2.662335134573368e-07;0.3916148543357849;0.6615705490112305;-0.009965583682060242;0.40168556571006775;0.6059239506721497;-0.012997288256883621;0.40384525060653687;0.561272919178009;-0.016186432912945747;0.40263208746910095;0.5250880122184753;-0.019375845789909363;0.3587971031665802;0.5677797794342041;-0.0016163664404302835;0.361666202545166;0.5172412991523743;-0.011367051862180233;0.3655449450016022;0.4864141345024109;-0.020886141806840897;0.36875975131988525;0.45969557762145996;-0.027266979217529297;0.339527428150177;0.5696609020233154;-0.00473388098180294;0.33552926778793335;0.5132927298545837;-0.011509360745549202;0.333836168050766;0.47546711564064026;-0.0197675172239542;0.33194759488105774;0.4426531493663788;-0.02609821781516075;0.32260534167289734;0.5821250081062317;-0.010280457325279713;0.31469887495040894;0.5295411944389343;-0.018160680308938026;0.312691330909729;0.4937376081943512;-0.02535710483789444;0.3123546242713928;0.46153873205184937;-0.03066808544099331;0.30712890625;0.6057583093643188;-0.01706625521183014;0.2878621220588684;0.5732738375663757;-0.025162452831864357;0.2783552408218384;0.5474705696105957;-0.02888498455286026;0.2724067270755768;0.5223069787025452;-0.031400639563798904;0.0;0.0;0.0;0.0;0.0;0.0;0.0;0.0;0.0;0.0;0.0;0.0;0.0;0.0;0.0;0.0;0.0;0.0;0.0;0.0;0.0;0.0;0.0;0.0;0.0;0.0;0.0;0.0;0.0;0.0;0.0;0.0;0.0;0.0;0.0;0.0;0.0;0.0;0.0;0.0;0.0;0.0;0.0;0.0;0.0;0.0;0.0;0.0;0.0;0.0;0.0;0.0;0.0;0.0;0.0;0.0;0.0;0.0;0.0;0.0;0.0;0.0;0.0
1772632963.2333333;0.36777642369270325;0.7033696174621582;2.647248322773521e-07;0.39117980003356934;0.6612585783004761;-0.010291134007275105;0.4017737805843353;0.6063030958175659;-0.013459572568535805;0.4039614498615265;0.5622995495796204;-0.01677429862320423;0.4032920300960541;0.5265538096427917;-0.020038899034261703;0.35859423875808716;0.5667845010757446;-0.001316532026976347;0.3613438308238983;0.5169873237609863;-0.011082857847213745;0.3650411069393158;0.4861864745616913;-0.02070528268814087;0.36825990676879883;0.4594128727912903;-0.027198519557714462;0.339096337556839;0.5688700079917908;-0.004178136587142944;0.33505553007125854;0.5133206844329834;-0.011155758053064346;0.33316200971603394;0.4758811593055725;-0.019544612616300583;0.3313791751861572;0.44351667165756226;-0.025913499295711517;0.32220175862312317;0.581529438495636;-0.009532126598060131;0.31431230902671814;0.5296733379364014;-0.0175898727029562;0.31211361289024353;0.4941920042037964;-0.02493244595825672;0.3117922842502594;0.4621869921684265;-0.030284658074378967;0.30683112144470215;0.6052625179290771;-0.01616717129945755;0.2883610129356384;0.5733658671379089;-0.024501895532011986;0.27872613072395325;0.5479454398155212;-0.028514700010418892;0.2723248302936554;0.5228589177131653;-0.031181244179606438;0.0;0.0;0.0;0.0;0.0;0.0;0.0;0.0;0.0;0.0;0.0;0.0;0.0;0.0;0.0;0.0;0.0;0.0;0.0;0.0;0.0;0.0;0.0;0.0;0.0;0.0;0.0;0.0;0.0;0.0;0.0;0.0;0.0;0.0;0.0;0.0;0.0;0.0;0.0;0.0;0.0;0.0;0.0;0.0;0.0;0.0;0.0;0.0;0.0;0.0;0.0;0.0;0.0;0.0;0.0;0.0;0.0;0.0;0.0;0.0;0.0;0.0;0.0
1772632963.2666667;0.36807528138160706;0.7024475932121277;2.7397257440497924e-07;0.3912661075592041;0.6598616242408752;-0.01055305264890194;0.40166741609573364;0.6055490970611572;-0.013966250233352184;0.40382272005081177;0.5614423155784607;-0.017441457137465477;0.4023866057395935;0.5249428749084473;-0.020858149975538254;0.35794320702552795;0.5677247047424316;-0.0019105544779449701;0.36090195178985596;0.5174263715744019;-0.01194992009550333;0.3646712601184845;0.4861777424812317;-0.021660853177309036;0.36772897839546204;0.45905983448028564;-0.02812507562339306;0.33855098485946655;0.569308876991272;-0.004634698387235403;0.33485180139541626;0.5132112503051758;-0.011662609875202179;0.3331306576728821;0.4755919277667999;-0.01996321603655815;0.33133426308631897;0.4431416392326355;-0.026254117488861084;0.3215716481208801;0.581359326839447;-0.009850542061030865;0.31385308504104614;0.5291692614555359;-0.01785443350672722;0.3118687570095062;0.4937554597854614;-0.02499350532889366;0.31166157126426697;0.4618755578994751;-0.030191166326403618;0.3061356544494629;0.6044582724571228;-0.016367696225643158;0.2875159978866577;0.5722374320030212;-0.024560781195759773;0.27823248505592346;0.5466628074645996;-0.028343725949525833;0.27249014377593994;0.5217190980911255;-0.030823824927210808;0.0;0.0;0.0;0.0;0.0;0.0;0.0;0.0;0.0;0.0;0.0;0.0;0.0;0.0;0.0;0.0;0.0;0.0;0.0;0.0;0.0;0.0;0.0;0.0;0.0;0.0;0.0;0.0;0.0;0.0;0.0;0.0;0.0;0.0;0.0;0.0;0.0;0.0;0.0;0.0;0.0;0.0;0.0;0.0;0.0;0.0;0.0;0.0;0.0;0.0;0.0;0.0;0.0;0.0;0.0;0.0;0.0;0.0;0.0;0.0;0.0;0.0;0.0
1772632963.3;0.3675556778907776;0.7017779350280762;2.7509864253261185e-07;0.39096811413764954;0.6593905687332153;-0.010664135217666626;0.4013783931732178;0.6061791777610779;-0.014336108230054379;0.40301796793937683;0.5631299018859863;-0.018003078177571297;0.4020387530326843;0.5273604393005371;-0.02161402627825737;0.3574773669242859;0.5676038861274719;-0.0026851436123251915;0.3601841628551483;0.5167306661605835;-0.012880532070994377;0.3639211356639862;0.4853653311729431;-0.022656822577118874;0.3669848144054413;0.45809274911880493;-0.029102228581905365;0.33801740407943726;0.5693499445915222;-0.0053175101056694984;0.33389386534690857;0.5130206346511841;-0.012442491017282009;0.3321138918399811;0.4751902222633362;-0.02075209468603134;0.33019450306892395;0.4425237774848938;-0.02702750824391842;0.32117027044296265;0.5814546942710876;-0.010384738445281982;0.3130578100681305;0.5294874906539917;-0.018409233540296555;0.3109137713909149;0.49379265308380127;-0.02566162496805191;0.31045001745224;0.4618194103240967;-0.030894245952367783;0.30592289566993713;0.6044602394104004;-0.016729263588786125;0.28714460134506226;0.5720477104187012;-0.024826839566230774;0.277516633272171;0.5466034412384033;-0.028565801680088043;0.27118539810180664;0.5218976736068726;-0.030994080007076263;0.0;0.0;0.0;0.0;0.0;0.0;0.0;0.0;0.0;0.0;0.0;0.0;0.0;0.0;0.0;0.0;0.0;0.0;0.0;0.0;0.0;0.0;0.0;0.0;0.0;0.0;0.0;0.0;0.0;0.0;0.0;0.0;0.0;0.0;0.0;0.0;0.0;0.0;0.0;0.0;0.0;0.0;0.0;0.0;0.0;0.0;0.0;0.0;0.0;0.0;0.0;0.0;0.0;0.0;0.0;0.0;0.0;0.0;0.0;0.0;0.0;0.0;0.0
1772632963.3333333;0.3675760328769684;0.7014232277870178;2.767058049357729e-07;0.3910953104496002;0.6596802473068237;-0.01097570639103651;0.40154194831848145;0.6062013506889343;-0.014708452858030796;0.4030410051345825;0.5628545880317688;-0.01833013817667961;0.40177157521247864;0.5270381569862366;-0.02193424478173256;0.3570106029510498;0.5667442083358765;-0.003427006071433425;0.35985177755355835;0.5158645510673523;-0.013697931542992592;0.3635386526584625;0.4844256639480591;-0.023516163229942322;0.3665989935398102;0.4571171998977661;-0.029996680095791817;0.33741894364356995;0.5690668225288391;-0.005984826013445854;0.3328612446784973;0.5127764940261841;-0.013078847900032997;0.3308503329753876;0.4748143255710602;-0.02135249599814415;0.3289094567298889;0.44205242395401;-0.0276496484875679;0.3206210732460022;0.582027792930603;-0.010963168926537037;0.31218984723091125;0.5299783945083618;-0.019048241898417473;0.3099254369735718;0.49424463510513306;-0.026369402185082436;0.3093988597393036;0.46207839250564575;-0.03168253228068352;0.30559611320495605;0.6060990691184998;-0.017234917730093002;0.2864457070827484;0.5736647248268127;-0.025552233681082726;0.27674201130867004;0.5477585792541504;-0.029486332088708878;0.27054882049560547;0.5223945379257202;-0.03205544501543045;0.0;0.0;0.0;0.0;0.0;0.0;0.0;0.0;0.0;0.0;0.0;0.0;0.0;0.0;0.0;0.0;0.0;0.0;0.0;0.0;0.0;0.0;0.0;0.0;0.0;0.0;0.0;0.0;0.0;0.0;0.0;0.0;0.0;0.0;0.0;0.0;0.0;0.0;0.0;0.0;0.0;0.0;0.0;0.0;0.0;0.0;0.0;0.0;0.0;0.0;0.0;0.0;0.0;0.0;0.0;0.0;0.0;0.0;0.0;0.0;0.0;0.0;0.0
1772632963.3666666;0.3669374883174896;0.7017987370491028;2.83084062857597e-07;0.3905505836009979;0.659127950668335;-0.011593419127166271;0.40100762248039246;0.6055131554603577;-0.01576143689453602;0.4021325707435608;0.5607170462608337;-0.01976754702627659;0.4009764790534973;0.5234835147857666;-0.023796744644641876;0.3565690815448761;0.5676557421684265;-0.0036588844377547503;0.3591669201850891;0.516560435295105;-0.014346984215080738;0.36252450942993164;0.4847604036331177;-0.024508889764547348;0.3652634620666504;0.45711803436279297;-0.03123948909342289;0.336921751499176;0.5700893998146057;-0.00604507839307189;0.33175310492515564;0.5131861567497253;-0.013584693893790245;0.3294943571090698;0.47482794523239136;-0.02217259258031845;0.32751762866973877;0.44191163778305054;-0.02865675278007984;0.3199939429759979;0.5832182765007019;-0.010942249558866024;0.3109706938266754;0.5304219722747803;-0.019539548084139824;0.30810409784317017;0.4941912293434143;-0.027088139206171036;0.3071029484272003;0.4617084264755249;-0.03247114270925522;0.3047667145729065;0.6073402762413025;-0.017149530351161957;0.2861049473285675;0.5744034647941589;-0.02601008675992489;0.27614736557006836;0.548725426197052;-0.03015371412038803;0.26939907670021057;0.5236945748329163;-0.03277317062020302;0.0;0.0;0.0;0.0;0.0;0.0;0.0;0.0;0.0;0.0;0.0;0.0;0.0;0.0;0.0;0.0;0.0;0.0;0.0;0.0;0.0;0.0;0.0;0.0;0.0;0.0;0.0;0.0;0.0;0.0;0.0;0.0;0.0;0.0;0.0;0.0;0.0;0.0;0.0;0.0;0.0;0.0;0.0;0.0;0.0;0.0;0.0;0.0;0.0;0.0;0.0;0.0;0.0;0.0;0.0;0.0;0.0;0.0;0.0;0.0;0.0;0.0;0.0
1772632963.4;0.3663225769996643;0.7013574242591858;2.871897777367849e-07;0.39024823904037476;0.6595796942710876;-0.012079834006726742;0.40102988481521606;0.6050629615783691;-0.01621064729988575;0.4018765687942505;0.5593152046203613;-0.019972197711467743;0.40035781264305115;0.5215603709220886;-0.02364901266992092;0.3558221161365509;0.5659434199333191;-0.003895711852237582;0.3573007881641388;0.5148835778236389;-0.014201372861862183;0.36029312014579773;0.48348337411880493;-0.02392200008034706;0.36266472935676575;0.45673099160194397;-0.03033878281712532;0.3356892764568329;0.5683038830757141;-0.005868242122232914;0.3297877013683319;0.5111175775527954;-0.01309778168797493;0.32681068778038025;0.4733959436416626;-0.021405622363090515;0.32399827241897583;0.44161146879196167;-0.027607055380940437;0.3182179927825928;0.5817404985427856;-0.010346349328756332;0.3078979253768921;0.5284181833267212;-0.018861666321754456;0.30423104763031006;0.4934408664703369;-0.026377171277999878;0.30267179012298584;0.4623682200908661;-0.0316554494202137;0.3026478588581085;0.6064746975898743;-0.01612045057117939;0.2835238575935364;0.574227511882782;-0.025065256282687187;0.2731981575489044;0.5497083067893982;-0.02926102839410305;0.26604631543159485;0.5258198380470276;-0.03180472180247307;0.0;0.0;0.0;0.0;0.0;0.0;0.0;0.0;0.0;0.0;0.0;0.0;0.0;0.0;0.0;0.0;0.0;0.0;0.0;0.0;0.0;0.0;0.0;0.0;0.0;0.0;0.0;0.0;0.0;0.0;0.0;0.0;0.0;0.0;0.0;0.0;0.0;0.0;0.0;0.0;0.0;0.0;0.0;0.0;0.0;0.0;0.0;0.0;0.0;0.0;0.0;0.0;0.0;0.0;0.0;0.0;0.0;0.0;0.0;0.0;0.0;0.0;0.0
1772632963.4333334;0.3639279901981354;0.7010554671287537;2.873559878935339e-07;0.3899308145046234;0.6582633852958679;-0.013740221038460732;0.4016420543193817;0.6041924357414246;-0.01823599636554718;0.4012261629104614;0.5579857230186462;-0.02199377864599228;0.3988359570503235;0.5197900533676147;-0.025601452216506004;0.35467225313186646;0.5638425946235657;-0.0048133982345461845;0.3550189733505249;0.5134470462799072;-0.014862141571938992;0.356353759765625;0.4823259115219116;-0.024431779980659485;0.35739463567733765;0.45570090413093567;-0.03091135434806347;0.3327375650405884;0.56782466173172;-0.005901410710066557;0.32498136162757874;0.5116048455238342;-0.012876804918050766;0.32041698694229126;0.4753384590148926;-0.020990069955587387;0.3167095184326172;0.44447600841522217;-0.02716570720076561;0.3142751157283783;0.5832301378250122;-0.00960362795740366;0.3035537600517273;0.5298941731452942;-0.018054954707622528;0.29870495200157166;0.49571460485458374;-0.025594785809516907;0.296338826417923;0.46503323316574097;-0.03099813126027584;0.29830774664878845;0.6099780201911926;-0.014729952439665794;0.2795681655406952;0.5786301493644714;-0.024057507514953613;0.2694847881793976;0.5555214285850525;-0.028518646955490112;0.2625678479671478;0.5327540636062622;-0.031177476048469543;0.0;0.0;0.0;0.0;0.0;0.0;0.0;0.0;0.0;0.0;0.0;0.0;0.0;0.0;0.0;0.0;0.0;0.0;0.0;0.0;0.0;0.0;0.0;0.0;0.0;0.0;0.0;0.0;0.0;0.0;0.0;0.0;0.0;0.0;0.0;0.0;0.0;0.0;0.0;0.0;0.0;0.0;0.0;0.0;0.0;0.0;0.0;0.0;0.0;0.0;0.0;0.0;0.0;0.0;0.0;0.0;0.0;0.0;0.0;0.0;0.0;0.0;0.0
1772632963.4666667;0.36094141006469727;0.6996049880981445;2.9155771130717767e-07;0.38924285769462585;0.6563522815704346;-0.015354481525719166;0.4018852114677429;0.6039981842041016;-0.02031421847641468;0.39980196952819824;0.5581231117248535;-0.024350769817829132;0.3981705904006958;0.5201216340065002;-0.028068657964468002;0.35310062766075134;0.5650419592857361;-0.005465271417051554;0.3515438139438629;0.5133556127548218;-0.015198658220469952;0.3509313762187958;0.48170924186706543;-0.02438872866332531;0.35014137625694275;0.4543476998806;-0.03069547936320305;0.3293481171131134;0.5705756545066833;-0.005429953336715698;0.3195209503173828;0.5153732895851135;-0.012275348417460918;0.31264960765838623;0.4796064794063568;-0.020337073132395744;0.3070538640022278;0.4486304521560669;-0.026555385440587997;0.30975228548049927;0.5863600373268127;-0.008065596222877502;0.2974860668182373;0.5354132652282715;-0.015970388427376747;0.29093265533447266;0.5017428398132324;-0.023238979279994965;0.2869489789009094;0.47167471051216125;-0.028545668348670006;0.2934267520904541;0.6128702759742737;-0.012330668047070503;0.2745145261287689;0.5835201740264893;-0.020653726533055305;0.26419323682785034;0.5622602701187134;-0.024576716125011444;0.25686606764793396;0.541601300239563;-0.026932578533887863;0.0;0.0;0.0;0.0;0.0;0.0;0.0;0.0;0.0;0.0;0.0;0.0;0.0;0.0;0.0;0.0;0.0;0.0;0.0;0.0;0.0;0.0;0.0;0.0;0.0;0.0;0.0;0.0;0.0;0.0;0.0;0.0;0.0;0.0;0.0;0.0;0.0;0.0;0.0;0.0;0.0;0.0;0.0;0.0;0.0;0.0;0.0;0.0;0.0;0.0;0.0;0.0;0.0;0.0;0.0;0.0;0.0;0.0;0.0;0.0;0.0;0.0;0.0
1772632963.5;0.35772696137428284;0.6990419626235962;3.066940621465619e-07;0.3880738615989685;0.6568039059638977;-0.016364650800824165;0.39971253275871277;0.6030867695808411;-0.02100450173020363;0.3961048126220703;0.5565637946128845;-0.024370485916733742;0.3951750099658966;0.5187122821807861;-0.027157558128237724;0.35140538215637207;0.5625927448272705;-0.004878244828432798;0.3480677604675293;0.5111009478569031;-0.012670163996517658;0.3457024395465851;0.47992026805877686;-0.02054501883685589;0.3429889678955078;0.45327502489089966;-0.026083029806613922;0.3265243172645569;0.5699824094772339;-0.0033853997010737658;0.3151110112667084;0.5165465474128723;-0.00805838406085968;0.30711066722869873;0.4833194613456726;-0.014518434181809425;0.30057692527770996;0.45508813858032227;-0.01950877718627453;0.30624717473983765;0.5872393846511841;-0.004558693151921034;0.2921074330806732;0.5401481986045837;-0.010051047429442406;0.2842852473258972;0.5103253126144409;-0.01538577675819397;0.2789972722530365;0.4836047291755676;-0.019451012834906578;0.28980347514152527;0.6147118210792542;-0.007574220187962055;0.2711928188800812;0.5891424417495728;-0.013357602059841156;0.260600745677948;0.5718899965286255;-0.015448188409209251;0.25226137042045593;0.555017352104187;-0.016499003395438194;0.0;0.0;0.0;0.0;0.0;0.0;0.0;0.0;0.0;0.0;0.0;0.0;0.0;0.0;0.0;0.0;0.0;0.0;0.0;0.0;0.0;0.0;0.0;0.0;0.0;0.0;0.0;0.0;0.0;0.0;0.0;0.0;0.0;0.0;0.0;0.0;0.0;0.0;0.0;0.0;0.0;0.0;0.0;0.0;0.0;0.0;0.0;0.0;0.0;0.0;0.0;0.0;0.0;0.0;0.0;0.0;0.0;0.0;0.0;0.0;0.0;0.0;0.0
1772632963.5333333;0.35542240738868713;0.6992051005363464;2.970144521441398e-07;0.38613611459732056;0.6569139957427979;-0.01734474115073681;0.3968997299671173;0.6016024947166443;-0.02231116034090519;0.39253443479537964;0.5546404123306274;-0.025629136711359024;0.39263519644737244;0.5163254737854004;-0.02834378369152546;0.3488392233848572;0.5615285634994507;-0.006807683501392603;0.3442171514034271;0.5095617175102234;-0.01422489620745182;0.3404279053211212;0.4781744182109833;-0.021734118461608887;0.3361364006996155;0.4515073299407959;-0.027228694409132004;0.3237169682979584;0.5698139667510986;-0.004794617183506489;0.3117820918560028;0.517065703868866;-0.009142685681581497;0.3035276532173157;0.48538678884506226;-0.015206527896225452;0.29686999320983887;0.4592224359512329;-0.020046820864081383;0.30312949419021606;0.5879795551300049;-0.005390461999922991;0.2887853980064392;0.5416557788848877;-0.010771257802844048;0.2813321650028229;0.5130541324615479;-0.015805920585989952;0.2762899696826935;0.4877685010433197;-0.019763292744755745;0.2863524258136749;0.6163685917854309;-0.007864152081310749;0.2660912871360779;0.590693473815918;-0.013731228187680244;0.25477755069732666;0.574089527130127;-0.015798578038811684;0.24594229459762573;0.5577418804168701;-0.01689315214753151;0.0;0.0;0.0;0.0;0.0;0.0;0.0;0.0;0.0;0.0;0.0;0.0;0.0;0.0;0.0;0.0;0.0;0.0;0.0;0.0;0.0;0.0;0.0;0.0;0.0;0.0;0.0;0.0;0.0;0.0;0.0;0.0;0.0;0.0;0.0;0.0;0.0;0.0;0.0;0.0;0.0;0.0;0.0;0.0;0.0;0.0;0.0;0.0;0.0;0.0;0.0;0.0;0.0;0.0;0.0;0.0;0.0;0.0;0.0;0.0;0.0;0.0;0.0
1772632963.5666666;0.35444989800453186;0.6978060007095337;2.80372205452295e-07;0.38495445251464844;0.65572190284729;-0.017585666850209236;0.395283579826355;0.6003742814064026;-0.021921541541814804;0.39066290855407715;0.5538527369499207;-0.024507736787199974;0.39022332429885864;0.516977071762085;-0.026368243619799614;0.3456273078918457;0.5611902475357056;-0.006710050627589226;0.3396475911140442;0.5101948976516724;-0.013563633896410465;0.33474910259246826;0.47938334941864014;-0.02048911526799202;0.3295753598213196;0.453634649515152;-0.025562860071659088;0.32044124603271484;0.5699009299278259;-0.0042347377166152;0.3072107434272766;0.5181924104690552;-0.008210252970457077;0.29823073744773865;0.4870789647102356;-0.013899993151426315;0.2910674810409546;0.4618038535118103;-0.018375029787421227;0.3003263771533966;0.588557243347168;-0.004382275510579348;0.28524547815322876;0.5438164472579956;-0.009558483958244324;0.2777359187602997;0.5164382457733154;-0.014769570901989937;0.27273398637771606;0.49252426624298096;-0.018778666853904724;0.2842925786972046;0.6171025633811951;-0.006442029494792223;0.26385498046875;0.5937493443489075;-0.01239733025431633;0.2518658936023712;0.5781681537628174;-0.014967885799705982;0.24245040118694305;0.5626994371414185;-0.01635005697607994;0.0;0.0;0.0;0.0;0.0;0.0;0.0;0.0;0.0;0.0;0.0;0.0;0.0;0.0;0.0;0.0;0.0;0.0;0.0;0.0;0.0;0.0;0.0;0.0;0.0;0.0;0.0;0.0;0.0;0.0;0.0;0.0;0.0;0.0;0.0;0.0;0.0;0.0;0.0;0.0;0.0;0.0;0.0;0.0;0.0;0.0;0.0;0.0;0.0;0.0;0.0;0.0;0.0;0.0;0.0;0.0;0.0;0.0;0.0;0.0;0.0;0.0;0.0
1772632963.6;0.3523012101650238;0.6977001428604126;2.8281365871407615e-07;0.3831440806388855;0.6564710140228271;-0.017362456768751144;0.3937237560749054;0.6004597544670105;-0.021169060841202736;0.38935020565986633;0.5540724992752075;-0.023209497332572937;0.38783660531044006;0.5186625123023987;-0.02445475198328495;0.34342432022094727;0.5605380535125732;-0.006140724290162325;0.3368530869483948;0.5099043846130371;-0.012420287355780602;0.3314228355884552;0.4789354205131531;-0.018931439146399498;0.3262726366519928;0.45363008975982666;-0.0235020462423563;0.3180646002292633;0.5698190927505493;-0.0031909337267279625;0.3038443922996521;0.5184377431869507;-0.005791029892861843;0.29444393515586853;0.4878939390182495;-0.010385191068053246;0.2871396541595459;0.4633074104785919;-0.014041119255125523;0.2981870770454407;0.5885578393936157;-0.0028663554694503546;0.28229716420173645;0.5455508232116699;-0.006268608849495649;0.2743467092514038;0.5191156268119812;-0.010392473079264164;0.26909682154655457;0.49600499868392944;-0.013770924881100655;0.2823290228843689;0.6170709729194641;-0.004584364593029022;0.26192596554756165;0.5950494408607483;-0.008601182140409946;0.2502487897872925;0.5806117057800293;-0.010046004317700863;0.24145156145095825;0.5661249756813049;-0.010738092474639416;0.0;0.0;0.0;0.0;0.0;0.0;0.0;0.0;0.0;0.0;0.0;0.0;0.0;0.0;0.0;0.0;0.0;0.0;0.0;0.0;0.0;0.0;0.0;0.0;0.0;0.0;0.0;0.0;0.0;0.0;0.0;0.0;0.0;0.0;0.0;0.0;0.0;0.0;0.0;0.0;0.0;0.0;0.0;0.0;0.0;0.0;0.0;0.0;0.0;0.0;0.0;0.0;0.0;0.0;0.0;0.0;0.0;0.0;0.0;0.0;0.0;0.0;0.0
1772632963.6333334;0.350991815328598;0.6982249617576599;2.786960635603464e-07;0.38120025396347046;0.6565871834754944;-0.01741020940244198;0.39160582423210144;0.6011149883270264;-0.021407196298241615;0.38733211159706116;0.5557677149772644;-0.02370401658117771;0.3849414587020874;0.521560549736023;-0.02523263543844223;0.3420744836330414;0.5598227977752686;-0.006699266843497753;0.33622080087661743;0.5093669295310974;-0.01343226246535778;0.33095070719718933;0.47854751348495483;-0.020297178998589516;0.32587796449661255;0.4533906579017639;-0.025128232315182686;0.31672027707099915;0.5692240595817566;-0.0040327636525034904;0.3029291033744812;0.5185297131538391;-0.007192409597337246;0.2934293746948242;0.4882408678531647;-0.012144908308982849;0.28600960969924927;0.46397796273231506;-0.01604733243584633;0.2968495488166809;0.5883304476737976;-0.003996431827545166;0.28115174174308777;0.5454425811767578;-0.0077942111529409885;0.27297157049179077;0.5192694664001465;-0.01220727525651455;0.2674703896045685;0.49624302983283997;-0.01582382805645466;0.2811603844165802;0.6175121665000916;-0.006014700513333082;0.26099342107772827;0.5960277318954468;-0.010420959442853928;0.24930374324321747;0.5816274285316467;-0.012180277146399021;0.24046052992343903;0.566841721534729;-0.01311859954148531;0.0;0.0;0.0;0.0;0.0;0.0;0.0;0.0;0.0;0.0;0.0;0.0;0.0;0.0;0.0;0.0;0.0;0.0;0.0;0.0;0.0;0.0;0.0;0.0;0.0;0.0;0.0;0.0;0.0;0.0;0.0;0.0;0.0;0.0;0.0;0.0;0.0;0.0;0.0;0.0;0.0;0.0;0.0;0.0;0.0;0.0;0.0;0.0;0.0;0.0;0.0;0.0;0.0;0.0;0.0;0.0;0.0;0.0;0.0;0.0;0.0;0.0;0.0
1772632963.6666667;0.3497067987918854;0.6979160904884338;2.8716712563436886e-07;0.37989145517349243;0.6559054851531982;-0.017609931528568268;0.3912447988986969;0.6007940173149109;-0.021720828488469124;0.3872360587120056;0.5555976629257202;-0.02412032149732113;0.38443970680236816;0.5216790437698364;-0.025720173493027687;0.34102070331573486;0.560153067111969;-0.006460441276431084;0.3353528678417206;0.5092657804489136;-0.01319892518222332;0.3302476108074188;0.47826677560806274;-0.020122570917010307;0.3254058361053467;0.45302438735961914;-0.024920722469687462;0.3153652250766754;0.5698368549346924;-0.003561407560482621;0.3013278841972351;0.5185625553131104;-0.006681493483483791;0.2917417883872986;0.4881509840488434;-0.011684183962643147;0.28421446681022644;0.4638024568557739;-0.015549098141491413;0.2953947186470032;0.5889121890068054;-0.003309653140604496;0.27981826663017273;0.5458430051803589;-0.006893428508192301;0.2716373801231384;0.5193142890930176;-0.011284473352134228;0.2661219537258148;0.4962736666202545;-0.014852234162390232;0.2797524333000183;0.617777943611145;-0.005144206341356039;0.2599215805530548;0.5959027409553528;-0.009214954450726509;0.24839971959590912;0.5815615653991699;-0.010750694200396538;0.23968610167503357;0.5672478675842285;-0.011492832563817501;0.0;0.0;0.0;0.0;0.0;0.0;0.0;0.0;0.0;0.0;0.0;0.0;0.0;0.0;0.0;0.0;0.0;0.0;0.0;0.0;0.0;0.0;0.0;0.0;0.0;0.0;0.0;0.0;0.0;0.0;0.0;0.0;0.0;0.0;0.0;0.0;0.0;0.0;0.0;0.0;0.0;0.0;0.0;0.0;0.0;0.0;0.0;0.0;0.0;0.0;0.0;0.0;0.0;0.0;0.0;0.0;0.0;0.0;0.0;0.0;0.0;0.0;0.0
1772632963.7;0.3493020236492157;0.6971664428710938;2.9396525746960833e-07;0.379436731338501;0.6552936434745789;-0.017648855224251747;0.3901711702346802;0.6002413034439087;-0.021756770089268684;0.3856775462627411;0.5550501942634583;-0.024143366143107414;0.38340047001838684;0.5206509232521057;-0.025744233280420303;0.3396308720111847;0.5597492456436157;-0.0064504798501729965;0.33409354090690613;0.5083728432655334;-0.012996995821595192;0.3290463089942932;0.4772099256515503;-0.019739950075745583;0.3243236243724823;0.45186173915863037;-0.0244413074105978;0.31412410736083984;0.5693324208259583;-0.00342175574041903;0.3004375398159027;0.5182651877403259;-0.00642926711589098;0.2908424139022827;0.48759761452674866;-0.011460710316896439;0.2834283709526062;0.4630367159843445;-0.015362340025603771;0.29421311616897583;0.5883246064186096;-0.0030303397215902805;0.2782771587371826;0.545485258102417;-0.006586674600839615;0.2701241970062256;0.5190179944038391;-0.011186214163899422;0.264700323343277;0.4958592653274536;-0.014904405921697617;0.2786403000354767;0.6172840595245361;-0.004703309386968613;0.2584840953350067;0.5963045954704285;-0.008897077292203903;0.24656550586223602;0.5819808840751648;-0.010768198408186436;0.23756268620491028;0.5674647092819214;-0.011743598617613316;0.0;0.0;0.0;0.0;0.0;0.0;0.0;0.0;0.0;0.0;0.0;0.0;0.0;0.0;0.0;0.0;0.0;0.0;0.0;0.0;0.0;0.0;0.0;0.0;0.0;0.0;0.0;0.0;0.0;0.0;0.0;0.0;0.0;0.0;0.0;0.0;0.0;0.0;0.0;0.0;0.0;0.0;0.0;0.0;0.0;0.0;0.0;0.0;0.0;0.0;0.0;0.0;0.0;0.0;0.0;0.0;0.0;0.0;0.0;0.0;0.0;0.0;0.0
1772632963.7333333;0.3487161099910736;0.6961564421653748;2.951522617422597e-07;0.37892574071884155;0.6542949080467224;-0.017377357929944992;0.38970524072647095;0.5996096730232239;-0.021360719576478004;0.38511359691619873;0.5549936294555664;-0.023661628365516663;0.3833201229572296;0.5208500027656555;-0.025187861174345016;0.3388158082962036;0.5594394207000732;-0.006081385537981987;0.3331088721752167;0.5082117319107056;-0.012655312195420265;0.32788461446762085;0.47669363021850586;-0.01937304064631462;0.32324591279029846;0.4512525796890259;-0.02396448701620102;0.312968373298645;0.5692011117935181;-0.0030904326122254133;0.2982301115989685;0.5176534652709961;-0.005881288088858128;0.28829461336135864;0.4868376851081848;-0.010589168407022953;0.28074032068252563;0.46237438917160034;-0.014157688245177269;0.29311469197273254;0.5883159041404724;-0.0027407060842961073;0.2768680453300476;0.5449360609054565;-0.0061815595254302025;0.26835402846336365;0.5181910991668701;-0.01068089623004198;0.2626610994338989;0.49499422311782837;-0.014230955392122269;0.2777615189552307;0.6170982122421265;-0.004432425834238529;0.25763657689094543;0.5961852073669434;-0.008576071821153164;0.24564918875694275;0.582020103931427;-0.010382390581071377;0.23657706379890442;0.5676808953285217;-0.011225701309740543;0.0;0.0;0.0;0.0;0.0;0.0;0.0;0.0;0.0;0.0;0.0;0.0;0.0;0.0;0.0;0.0;0.0;0.0;0.0;0.0;0.0;0.0;0.0;0.0;0.0;0.0;0.0;0.0;0.0;0.0;0.0;0.0;0.0;0.0;0.0;0.0;0.0;0.0;0.0;0.0;0.0;0.0;0.0;0.0;0.0;0.0;0.0;0.0;0.0;0.0;0.0;0.0;0.0;0.0;0.0;0.0;0.0;0.0;0.0;0.0;0.0;0.0;0.0
1772632963.7666667;0.3485187292098999;0.6963762640953064;2.9819719316037663e-07;0.3789359927177429;0.6541720628738403;-0.017990048974752426;0.39006733894348145;0.599562406539917;-0.02233051508665085;0.3855651915073395;0.5541765689849854;-0.02494335174560547;0.3848726153373718;0.5188188552856445;-0.02677896060049534;0.33850666880607605;0.5594344139099121;-0.006170748732984066;0.333067387342453;0.5083543658256531;-0.012929362244904041;0.32774415612220764;0.4767276346683502;-0.019917069002985954;0.32288992404937744;0.4506828486919403;-0.02473667450249195;0.31247103214263916;0.5687829852104187;-0.0029479956720024347;0.29786601662635803;0.5177818536758423;-0.005533191841095686;0.2878069281578064;0.4869372546672821;-0.010100590996444225;0.27979207038879395;0.46162426471710205;-0.013707232661545277;0.2925255596637726;0.5875338912010193;-0.0024866394232958555;0.27654144167900085;0.5449948310852051;-0.005775207653641701;0.2680380344390869;0.5187164545059204;-0.010060436092317104;0.262155681848526;0.4954553246498108;-0.013522612862288952;0.2768278419971466;0.6162975430488586;-0.004179957788437605;0.2564855217933655;0.5955426692962646;-0.008134071715176105;0.24458754062652588;0.5816459655761719;-0.009722110815346241;0.23569385707378387;0.5674313306808472;-0.010459540411829948;0.0;0.0;0.0;0.0;0.0;0.0;0.0;0.0;0.0;0.0;0.0;0.0;0.0;0.0;0.0;0.0;0.0;0.0;0.0;0.0;0.0;0.0;0.0;0.0;0.0;0.0;0.0;0.0;0.0;0.0;0.0;0.0;0.0;0.0;0.0;0.0;0.0;0.0;0.0;0.0;0.0;0.0;0.0;0.0;0.0;0.0;0.0;0.0;0.0;0.0;0.0;0.0;0.0;0.0;0.0;0.0;0.0;0.0;0.0;0.0;0.0;0.0;0.0
1772632963.8;0.3492494523525238;0.6958877444267273;2.993432133280294e-07;0.3789190649986267;0.653735339641571;-0.0181090347468853;0.38924485445022583;0.5995203256607056;-0.02233797498047352;0.3845958113670349;0.55421382188797;-0.024776170030236244;0.38348063826560974;0.5192644596099854;-0.02641645073890686;0.33799007534980774;0.5590952634811401;-0.006372298114001751;0.3326030671596527;0.5079736709594727;-0.012862175703048706;0.32745271921157837;0.476581871509552;-0.019634127616882324;0.3225741982460022;0.45068004727363586;-0.024390794336795807;0.3124665319919586;0.5685057044029236;-0.0031901232432574034;0.29819977283477783;0.5174580216407776;-0.006003204733133316;0.2878873646259308;0.48662111163139343;-0.010894310660660267;0.27958157658576965;0.46127933263778687;-0.014780454337596893;0.2926141321659088;0.5874202251434326;-0.0027354713529348373;0.2766159772872925;0.5447279810905457;-0.006382008548825979;0.2676973044872284;0.5182087421417236;-0.011174944229424;0.2614273428916931;0.4945274293422699;-0.015033310279250145;0.2766929864883423;0.6164792776107788;-0.004400796722620726;0.25626900792121887;0.596134603023529;-0.008723331615328789;0.24435271322727203;0.5819891691207886;-0.010748233646154404;0.23533937335014343;0.5669212341308594;-0.011884527280926704;0.0;0.0;0.0;0.0;0.0;0.0;0.0;0.0;0.0;0.0;0.0;0.0;0.0;0.0;0.0;0.0;0.0;0.0;0.0;0.0;0.0;0.0;0.0;0.0;0.0;0.0;0.0;0.0;0.0;0.0;0.0;0.0;0.0;0.0;0.0;0.0;0.0;0.0;0.0;0.0;0.0;0.0;0.0;0.0;0.0;0.0;0.0;0.0;0.0;0.0;0.0;0.0;0.0;0.0;0.0;0.0;0.0;0.0;0.0;0.0;0.0;0.0;0.0
1772632963.8333333;0.34910139441490173;0.6948420405387878;3.024122747774527e-07;0.37881794571876526;0.6529012322425842;-0.018143687397241592;0.3894105851650238;0.6003443002700806;-0.022550391033291817;0.384257972240448;0.5558686852455139;-0.025204632431268692;0.3827652633190155;0.5211271047592163;-0.0271079633384943;0.33812689781188965;0.5598103404045105;-0.006601743400096893;0.3331000506877899;0.5085446238517761;-0.013698780909180641;0.3277107775211334;0.4767548739910126;-0.02083180658519268;0.32249075174331665;0.45039448142051697;-0.02578776702284813;0.31239059567451477;0.569021999835968;-0.0035241851583123207;0.29802656173706055;0.5173001289367676;-0.0068969507701694965;0.2874893546104431;0.48616790771484375;-0.011897481977939606;0.27902162075042725;0.46059751510620117;-0.015758460387587547;0.2925807237625122;0.5878670811653137;-0.003186298068612814;0.276131808757782;0.5443587303161621;-0.007234853692352772;0.2665567994117737;0.5172886252403259;-0.011969668790698051;0.25996363162994385;0.49301254749298096;-0.01571538671851158;0.27692368626594543;0.6170168519020081;-0.004976438358426094;0.2567328214645386;0.596680760383606;-0.009542778134346008;0.24493420124053955;0.582302987575531;-0.011508484371006489;0.23610293865203857;0.5668908953666687;-0.012550491839647293;0.0;0.0;0.0;0.0;0.0;0.0;0.0;0.0;0.0;0.0;0.0;0.0;0.0;0.0;0.0;0.0;0.0;0.0;0.0;0.0;0.0;0.0;0.0;0.0;0.0;0.0;0.0;0.0;0.0;0.0;0.0;0.0;0.0;0.0;0.0;0.0;0.0;0.0;0.0;0.0;0.0;0.0;0.0;0.0;0.0;0.0;0.0;0.0;0.0;0.0;0.0;0.0;0.0;0.0;0.0;0.0;0.0;0.0;0.0;0.0;0.0;0.0;0.0
1772632963.8666666;0.34976908564567566;0.6946650147438049;3.0802513606431603e-07;0.3794483244419098;0.6524356007575989;-0.018170936033129692;0.38979730010032654;0.6003898978233337;-0.022805815562605858;0.3842613995075226;0.5566118359565735;-0.025698773562908173;0.38276052474975586;0.5217360258102417;-0.027805399149656296;0.33813053369522095;0.5596782565116882;-0.006536414846777916;0.33299633860588074;0.5083327889442444;-0.013608395121991634;0.3275124430656433;0.4765838384628296;-0.020682189613580704;0.32229408621788025;0.45033979415893555;-0.025574348866939545;0.31238749623298645;0.5688711404800415;-0.0034596892073750496;0.29810863733291626;0.516920268535614;-0.006783072836697102;0.287592351436615;0.4858105182647705;-0.011690142564475536;0.27918925881385803;0.46038445830345154;-0.015446177683770657;0.292497456073761;0.5877149105072021;-0.0031306040473282337;0.27604103088378906;0.5440478920936584;-0.007135383319109678;0.26648572087287903;0.5170373320579529;-0.011828174814581871;0.259999543428421;0.49290716648101807;-0.015523066744208336;0.27683642506599426;0.6168789863586426;-0.004916489589959383;0.2567073106765747;0.5967200994491577;-0.009454142302274704;0.2450236678123474;0.5824991464614868;-0.011385279707610607;0.23630653321743011;0.567279577255249;-0.01237079594284296;0.0;0.0;0.0;0.0;0.0;0.0;0.0;0.0;0.0;0.0;0.0;0.0;0.0;0.0;0.0;0.0;0.0;0.0;0.0;0.0;0.0;0.0;0.0;0.0;0.0;0.0;0.0;0.0;0.0;0.0;0.0;0.0;0.0;0.0;0.0;0.0;0.0;0.0;0.0;0.0;0.0;0.0;0.0;0.0;0.0;0.0;0.0;0.0;0.0;0.0;0.0;0.0;0.0;0.0;0.0;0.0;0.0;0.0;0.0;0.0;0.0;0.0;0.0
1772632963.9;0.34969016909599304;0.6943670511245728;3.117651488082629e-07;0.37955141067504883;0.6526849865913391;-0.018277226015925407;0.38998061418533325;0.6007071137428284;-0.022954726591706276;0.3845733106136322;0.5564756393432617;-0.025890251621603966;0.3829730153083801;0.5212846398353577;-0.028039755299687386;0.33851802349090576;0.5595505833625793;-0.006546029355376959;0.3332498371601105;0.5080683827400208;-0.013508006930351257;0.3277835249900818;0.4762081503868103;-0.020435135811567307;0.3227687478065491;0.4498549699783325;-0.025197291746735573;0.3124571144580841;0.5685899257659912;-0.0033325108233839273;0.29828840494155884;0.5167009234428406;-0.006395633332431316;0.28792813420295715;0.48526883125305176;-0.01103015337139368;0.2797621488571167;0.4594445824623108;-0.014612320810556412;0.2923996150493622;0.5873624682426453;-0.0029040370136499405;0.2758519649505615;0.543701708316803;-0.00670701265335083;0.2662630081176758;0.5167057514190674;-0.011324712075293064;0.25986549258232117;0.4925791621208191;-0.01499488577246666;0.2767622470855713;0.6164802312850952;-0.004611676558852196;0.2566030025482178;0.5966241955757141;-0.009084396064281464;0.2448650598526001;0.5825362205505371;-0.011055969633162022;0.2361503690481186;0.5674701929092407;-0.012073580175638199;0.0;0.0;0.0;0.0;0.0;0.0;0.0;0.0;0.0;0.0;0.0;0.0;0.0;0.0;0.0;0.0;0.0;0.0;0.0;0.0;0.0;0.0;0.0;0.0;0.0;0.0;0.0;0.0;0.0;0.0;0.0;0.0;0.0;0.0;0.0;0.0;0.0;0.0;0.0;0.0;0.0;0.0;0.0;0.0;0.0;0.0;0.0;0.0;0.0;0.0;0.0;0.0;0.0;0.0;0.0;0.0;0.0;0.0;0.0;0.0;0.0;0.0;0.0
1772632963.9333334;0.3499530553817749;0.6952157616615295;3.1526650445812265e-07;0.3795543313026428;0.653261125087738;-0.018505766987800598;0.3899311125278473;0.6011393666267395;-0.023396523669362068;0.3845570683479309;0.5568420886993408;-0.02652020752429962;0.3827643394470215;0.5213180780410767;-0.028835348784923553;0.33825939893722534;0.559831976890564;-0.006804804317653179;0.3331410586833954;0.508465588092804;-0.013934643007814884;0.3278364837169647;0.4765176475048065;-0.02102223038673401;0.3229381740093231;0.45003101229667664;-0.02590613253414631;0.3122684359550476;0.5686147809028625;-0.003585920901969075;0.29842087626457214;0.5166852474212646;-0.006767413578927517;0.2881198525428772;0.485224187374115;-0.0114621352404356;0.2799418568611145;0.4594532549381256;-0.01507042720913887;0.292289674282074;0.587348222732544;-0.003186355112120509;0.27576956152915955;0.5437580943107605;-0.007088885176926851;0.2662566304206848;0.5167168974876404;-0.01173197291791439;0.25991448760032654;0.49252229928970337;-0.015414702706038952;0.27674755454063416;0.6165602207183838;-0.004945043474435806;0.2566967308521271;0.5965076684951782;-0.009508714079856873;0.24495641887187958;0.582354724407196;-0.011513137258589268;0.2362205684185028;0.567236065864563;-0.012542608194053173;0.0;0.0;0.0;0.0;0.0;0.0;0.0;0.0;0.0;0.0;0.0;0.0;0.0;0.0;0.0;0.0;0.0;0.0;0.0;0.0;0.0;0.0;0.0;0.0;0.0;0.0;0.0;0.0;0.0;0.0;0.0;0.0;0.0;0.0;0.0;0.0;0.0;0.0;0.0;0.0;0.0;0.0;0.0;0.0;0.0;0.0;0.0;0.0;0.0;0.0;0.0;0.0;0.0;0.0;0.0;0.0;0.0;0.0;0.0;0.0;0.0;0.0;0.0
1772632963.9666667;0.3493572473526001;0.6946749687194824;3.16080672746466e-07;0.3792031705379486;0.6535178422927856;-0.01828317902982235;0.3898486793041229;0.6009400486946106;-0.02298499271273613;0.38467374444007874;0.5561316609382629;-0.025976862758398056;0.38300561904907227;0.5208122730255127;-0.028179841116070747;0.338544636964798;0.5598318576812744;-0.006719158962368965;0.33390939235687256;0.5081952810287476;-0.0138486847281456;0.3289327621459961;0.47612202167510986;-0.020865852013230324;0.32442665100097656;0.449411541223526;-0.025652851909399033;0.31230804324150085;0.5685766339302063;-0.003441561246290803;0.29886916279792786;0.516674280166626;-0.006464955396950245;0.28875404596328735;0.4849039614200592;-0.0109016802161932;0.28062403202056885;0.45858824253082275;-0.014330114237964153;0.29229846596717834;0.5871214270591736;-0.0029834883753210306;0.27559953927993774;0.5438495874404907;-0.006746495142579079;0.26587215065956116;0.5167862772941589;-0.011243080720305443;0.25928083062171936;0.49247613549232483;-0.014804953709244728;0.2768076956272125;0.6160305738449097;-0.004684150218963623;0.25669944286346436;0.5961648225784302;-0.009138345718383789;0.24486035108566284;0.5822694301605225;-0.011056864634156227;0.23598109185695648;0.5674684643745422;-0.012011491693556309;0.0;0.0;0.0;0.0;0.0;0.0;0.0;0.0;0.0;0.0;0.0;0.0;0.0;0.0;0.0;0.0;0.0;0.0;0.0;0.0;0.0;0.0;0.0;0.0;0.0;0.0;0.0;0.0;0.0;0.0;0.0;0.0;0.0;0.0;0.0;0.0;0.0;0.0;0.0;0.0;0.0;0.0;0.0;0.0;0.0;0.0;0.0;0.0;0.0;0.0;0.0;0.0;0.0;0.0;0.0;0.0;0.0;0.0;0.0;0.0;0.0;0.0;0.0
1772632964.0;0.3498152494430542;0.694806694984436;3.1669785016674723e-07;0.3796880841255188;0.6534398198127747;-0.01824093423783779;0.389962375164032;0.6005613803863525;-0.022973056882619858;0.3849546015262604;0.5566856861114502;-0.025966858491301537;0.38340693712234497;0.5216150283813477;-0.02821742370724678;0.33834636211395264;0.5587220191955566;-0.007370834704488516;0.3340010643005371;0.5069935917854309;-0.014715124852955341;0.32934296131134033;0.4749082624912262;-0.021822281181812286;0.32507672905921936;0.44843727350234985;-0.026670116931200027;0.31238123774528503;0.5677680373191833;-0.004354040138423443;0.29906314611434937;0.5160131454467773;-0.007866649888455868;0.289176881313324;0.48428472876548767;-0.012646274641156197;0.28130102157592773;0.45818281173706055;-0.016249680891633034;0.2924961447715759;0.5868213772773743;-0.00410576444119215;0.27597129344940186;0.5434829592704773;-0.008435831405222416;0.26633793115615845;0.5163813829421997;-0.013307358138263226;0.2597945034503937;0.49177980422973633;-0.017062222585082054;0.27707019448280334;0.6163396239280701;-0.0059480513446033;0.2570178806781769;0.5966675877571106;-0.011009148322045803;0.24508337676525116;0.5827367305755615;-0.013245792128145695;0.23605301976203918;0.567604124546051;-0.014366988092660904;0.0;0.0;0.0;0.0;0.0;0.0;0.0;0.0;0.0;0.0;0.0;0.0;0.0;0.0;0.0;0.0;0.0;0.0;0.0;0.0;0.0;0.0;0.0;0.0;0.0;0.0;0.0;0.0;0.0;0.0;0.0;0.0;0.0;0.0;0.0;0.0;0.0;0.0;0.0;0.0;0.0;0.0;0.0;0.0;0.0;0.0;0.0;0.0;0.0;0.0;0.0;0.0;0.0;0.0;0.0;0.0;0.0;0.0;0.0;0.0;0.0;0.0;0.0
1772632964.0333333;0.35017022490501404;0.694836437702179;3.214105390725308e-07;0.3799840211868286;0.6533742547035217;-0.01845775544643402;0.3908861577510834;0.6015640497207642;-0.023440448567271233;0.38572007417678833;0.5573493838310242;-0.02671096846461296;0.3835604190826416;0.5220186114311218;-0.02913033775985241;0.3388539254665375;0.5591192841529846;-0.00677688792347908;0.33446216583251953;0.507028341293335;-0.013896993361413479;0.32974502444267273;0.47492989897727966;-0.02091747336089611;0.325438916683197;0.4483802914619446;-0.02566540613770485;0.31272655725479126;0.5678494572639465;-0.00350347557105124;0.29945191740989685;0.5156651139259338;-0.006479134317487478;0.28963354229927063;0.4839792549610138;-0.010905498638749123;0.2817995250225067;0.45799481868743896;-0.01428109873086214;0.29269149899482727;0.5864368677139282;-0.0030777272768318653;0.27582985162734985;0.543109118938446;-0.006691629067063332;0.2660902738571167;0.5158211588859558;-0.01117884460836649;0.2594643533229828;0.4913313686847687;-0.014764243736863136;0.27723246812820435;0.6155687570571899;-0.004835735075175762;0.2571656107902527;0.5959446430206299;-0.00916900672018528;0.24520061910152435;0.5820892453193665;-0.01105295866727829;0.2361181378364563;0.5673380494117737;-0.011983193457126617;0.0;0.0;0.0;0.0;0.0;0.0;0.0;0.0;0.0;0.0;0.0;0.0;0.0;0.0;0.0;0.0;0.0;0.0;0.0;0.0;0.0;0.0;0.0;0.0;0.0;0.0;0.0;0.0;0.0;0.0;0.0;0.0;0.0;0.0;0.0;0.0;0.0;0.0;0.0;0.0;0.0;0.0;0.0;0.0;0.0;0.0;0.0;0.0;0.0;0.0;0.0;0.0;0.0;0.0;0.0;0.0;0.0;0.0;0.0;0.0;0.0;0.0;0.0
1772632964.0666666;0.3499852418899536;0.6949772834777832;3.2423255902358505e-07;0.3800661265850067;0.6537118554115295;-0.018575362861156464;0.39132755994796753;0.6019009351730347;-0.02364359423518181;0.3870317339897156;0.5568145513534546;-0.02698194608092308;0.3850541114807129;0.5210140347480774;-0.029410086572170258;0.3390118479728699;0.5587913990020752;-0.006596860941499472;0.3349013328552246;0.5068746209144592;-0.013728714548051357;0.3301387429237366;0.4748956561088562;-0.02082783915102482;0.3256553113460541;0.4484432339668274;-0.025607196614146233;0.3127675950527191;0.5672808289527893;-0.0032688702922314405;0.2995859682559967;0.5149436593055725;-0.006118829362094402;0.29005613923072815;0.4833369255065918;-0.010434498079121113;0.2824426293373108;0.45732131600379944;-0.013734822161495686;0.2926102876663208;0.5858673453330994;-0.002815568819642067;0.2760876417160034;0.5429615378379822;-0.006152579560875893;0.26673462986946106;0.5157778859138489;-0.010318171232938766;0.2604020833969116;0.49122893810272217;-0.013723752461373806;0.27701303362846375;0.6151241660118103;-0.004605764988809824;0.2573293149471283;0.5954071283340454;-0.008543257601559162;0.24560575187206268;0.5815874934196472;-0.010055073536932468;0.23661455512046814;0.5668877363204956;-0.01075206883251667;0.0;0.0;0.0;0.0;0.0;0.0;0.0;0.0;0.0;0.0;0.0;0.0;0.0;0.0;0.0;0.0;0.0;0.0;0.0;0.0;0.0;0.0;0.0;0.0;0.0;0.0;0.0;0.0;0.0;0.0;0.0;0.0;0.0;0.0;0.0;0.0;0.0;0.0;0.0;0.0;0.0;0.0;0.0;0.0;0.0;0.0;0.0;0.0;0.0;0.0;0.0;0.0;0.0;0.0;0.0;0.0;0.0;0.0;0.0;0.0;0.0;0.0;0.0
1772632964.1;0.34956300258636475;0.6954923868179321;3.124795284747961e-07;0.37982243299484253;0.6543564200401306;-0.018334271386265755;0.391200453042984;0.6016144752502441;-0.023105457425117493;0.38721591234207153;0.5557942390441895;-0.026112552732229233;0.38574618101119995;0.5200673341751099;-0.0282882209867239;0.3395226299762726;0.5588526725769043;-0.0067460075952112675;0.3355157971382141;0.5070655345916748;-0.013908963650465012;0.33072853088378906;0.4750322103500366;-0.02103618159890175;0.32619449496269226;0.4485464096069336;-0.02590857818722725;0.3131578266620636;0.5672692060470581;-0.0035240394063293934;0.2995535433292389;0.5148265361785889;-0.006417648401111364;0.289956659078598;0.48374444246292114;-0.010786660946905613;0.28238019347190857;0.45816129446029663;-0.014206146821379662;0.2928554117679596;0.5859413146972656;-0.003130564698949456;0.2764270603656769;0.5426173210144043;-0.006612222641706467;0.2672785520553589;0.5154435634613037;-0.01085797231644392;0.261051207780838;0.4909026026725769;-0.014370239339768887;0.27695828676223755;0.6153370141983032;-0.004927740897983313;0.25691086053848267;0.595192015171051;-0.008971384726464748;0.24516406655311584;0.581153392791748;-0.010553333908319473;0.23623839020729065;0.5661262273788452;-0.011369104497134686;0.0;0.0;0.0;0.0;0.0;0.0;0.0;0.0;0.0;0.0;0.0;0.0;0.0;0.0;0.0;0.0;0.0;0.0;0.0;0.0;0.0;0.0;0.0;0.0;0.0;0.0;0.0;0.0;0.0;0.0;0.0;0.0;0.0;0.0;0.0;0.0;0.0;0.0;0.0;0.0;0.0;0.0;0.0;0.0;0.0;0.0;0.0;0.0;0.0;0.0;0.0;0.0;0.0;0.0;0.0;0.0;0.0;0.0;0.0;0.0;0.0;0.0;0.0
1772632964.1333334;0.3495737612247467;0.6951446533203125;3.075957408782415e-07;0.37957531213760376;0.6539930701255798;-0.01814238913357258;0.39101341366767883;0.6010496616363525;-0.022781746461987495;0.3873821794986725;0.5552707314491272;-0.02573270909488201;0.38598310947418213;0.5198476910591125;-0.0279010571539402;0.33909326791763306;0.5581936240196228;-0.006407102104276419;0.33527398109436035;0.5067099332809448;-0.013486766256392002;0.33070796728134155;0.47481226921081543;-0.020652012899518013;0.3263808786869049;0.4484812021255493;-0.025559239089488983;0.31304413080215454;0.5668179988861084;-0.0033075923565775156;0.29928070306777954;0.5148905515670776;-0.006138658616691828;0.28951531648635864;0.48417848348617554;-0.010649529285728931;0.28169628977775574;0.4588179290294647;-0.014225413091480732;0.2928897738456726;0.5855316519737244;-0.0030313509050756693;0.2766915559768677;0.5426778197288513;-0.0064963954500854015;0.26763129234313965;0.5157371759414673;-0.01087186485528946;0.26137638092041016;0.49154677987098694;-0.014498062431812286;0.2768476605415344;0.6148712038993835;-0.00493616471067071;0.25654056668281555;0.5948227643966675;-0.008997997269034386;0.24462851881980896;0.5807267427444458;-0.010653972625732422;0.2356347292661667;0.5658325552940369;-0.011538760736584663;0.0;0.0;0.0;0.0;0.0;0.0;0.0;0.0;0.0;0.0;0.0;0.0;0.0;0.0;0.0;0.0;0.0;0.0;0.0;0.0;0.0;0.0;0.0;0.0;0.0;0.0;0.0;0.0;0.0;0.0;0.0;0.0;0.0;0.0;0.0;0.0;0.0;0.0;0.0;0.0;0.0;0.0;0.0;0.0;0.0;0.0;0.0;0.0;0.0;0.0;0.0;0.0;0.0;0.0;0.0;0.0;0.0;0.0;0.0;0.0;0.0;0.0;0.0
